{
    "parent": "item/generated",
    "textures": {
        "layer0": "item/barrier"
	},
	"overrides": [
        {"predicate": {"custom_model_data": 1}, "model": "chill:menu/menu"},
        {"predicate": {"custom_model_data": 2}, "model": "chill:menu/high_spellbook"},
        {"predicate": {"custom_model_data": 3}, "model": "chill:menu/low_spellbook"},
        {"predicate": {"custom_model_data": 4}, "model": "chill:menu/fighter_spellbook"},
        {"predicate": {"custom_model_data": 5}, "model": "chill:menu/popup"},
        {"predicate": {"custom_model_data": 6}, "model": "chill:menu/shop"},
        {"predicate": {"custom_model_data": 7}, "model": "chill:menu/shop_confirm_underlay"},
        {"predicate": {"custom_model_data": 8}, "model": "chill:menu/cleric_spellbook"},
        {"predicate": {"custom_model_data": 9}, "model": "chill:menu/druid_spelllbook"},
        {"predicate": {"custom_model_data": 10}, "model": "chill:menu/rogue_spellbook"},
        {"predicate": {"custom_model_data": 11}, "model": "chill:menu/tank_spellbook"},
        {"predicate": {"custom_model_data": 12}, "model": "chill:menu/wizard_spellbook"}
    ]
}