{
    "parent": "minecraft:item/handheld",
    "textures": {
        "layer0": "minecraft:item/stick"
    },
    "overrides": [
        {
            "predicate": {
                "custom_model_data": 1
            },
            "model": "chill:shop"
        },
        {
            "predicate": {
                "custom_model_data": 2
            },
            "model": "chill:icons/shop"
        },
        {
            "predicate": {
                "custom_model_data": 3
            },
            "model": "chill:icons/spellbook"
        },
        {
            "predicate": {
                "custom_model_data": 10
            },
            "model": "chill:low/fall_dmg_1"
        },
        {
            "predicate": {
                "custom_model_data": 11
            },
            "model": "chill:low/fall_dmg_3"
        },
        {
            "predicate": {
                "custom_model_data": 12
            },
            "model": "chill:low/fall_dmg_5"
        },
        {
            "predicate": {
                "custom_model_data": 13
            },
            "model": "chill:low/fire_dmg_1"
        },
        {
            "predicate": {
                "custom_model_data": 14
            },
            "model": "chill:low/fire_dmg_3"
        },
        {
            "predicate": {
                "custom_model_data": 15
            },
            "model": "chill:low/fire_dmg_5"
        },
        {
            "predicate": {
                "custom_model_data": 16
            },
            "model": "chill:low/health_1"
        },
        {
            "predicate": {
                "custom_model_data": 17
            },
            "model": "chill:low/health_2"
        },
        {
            "predicate": {
                "custom_model_data": 18
            },
            "model": "chill:low/health_3"
        },
        {
            "predicate": {
                "custom_model_data": 19
            },
            "model": "chill:low/health_4"
        },
        {
            "predicate": {
                "custom_model_data": 20
            },
            "model": "chill:low/health_5"
        },
        {
            "predicate": {
                "custom_model_data": 21
            },
            "model": "chill:low/hunger_gain_1"
        },
        {
            "predicate": {
                "custom_model_data": 22
            },
            "model": "chill:low/hunger_gain_3"
        },
        {
            "predicate": {
                "custom_model_data": 23
            },
            "model": "chill:low/hunger_gain_5"
        },
        {
            "predicate": {
                "custom_model_data": 24
            },
            "model": "chill:low/hunger_loss_1"
        },
        {
            "predicate": {
                "custom_model_data": 25
            },
            "model": "chill:low/hunger_loss_3"
        },
        {
            "predicate": {
                "custom_model_data": 26
            },
            "model": "chill:low/hunger_loss_5"
        },
        {
            "predicate": {
                "custom_model_data": 27
            },
            "model": "chill:low/luck_1"
        },
        {
            "predicate": {
                "custom_model_data": 28
            },
            "model": "chill:low/luck_2"
        },
        {
            "predicate": {
                "custom_model_data": 29
            },
            "model": "chill:low/luck_3"
        },
        {
            "predicate": {
                "custom_model_data": 30
            },
            "model": "chill:low/luck_4"
        },
        {
            "predicate": {
                "custom_model_data": 31
            },
            "model": "chill:low/luck_5"
        },
        {
            "predicate": {
                "custom_model_data": 32
            },
            "model": "chill:low/swim_speed_1"
        },
        {
            "predicate": {
                "custom_model_data": 33
            },
            "model": "chill:low/swim_speed_3"
        },
        {
            "predicate": {
                "custom_model_data": 34
            },
            "model": "chill:low/swim_speed_5"
        },
        {
            "predicate": {
                "custom_model_data": 35
            },
            "model": "chill:low/xp_gain_1"
        },
        {
            "predicate": {
                "custom_model_data": 36
            },
            "model": "chill:low/xp_gain_3"
        },
        {
            "predicate": {
                "custom_model_data": 37
            },
            "model": "chill:low/xp_gain_5"
        },
        {
            "predicate": {
                "custom_model_data": 38
            },
            "model": "chill:low/xp_xp"
        },
        {
            "predicate": {
                "custom_model_data": 39
            },
            "model": "chill:high/grow"
        },
        {
            "predicate": {
                "custom_model_data": 40
            },
            "model": "chill:high/inventory"
        },
        {
            "predicate": {
                "custom_model_data": 41
            },
            "model": "chill:high/jump"
        },
        {
            "predicate": {
                "custom_model_data": 42
            },
            "model": "chill:high/permeation"
        },
        {
            "predicate": {
                "custom_model_data": 43
            },
            "model": "chill:high/scan"
        },
        {
            "predicate": {
                "custom_model_data": 44
            },
            "model": "chill:high/shrink"
        },
        {
            "predicate": {
                "custom_model_data": 45
            },
            "model": "chill:high/tame"
        },
        {
            "predicate": {
                "custom_model_data": 46
            },
            "model": "chill:class/cleric/special/death"
        },
        {
            "predicate": {
                "custom_model_data": 47
            },
            "model": "chill:class/cleric/special/luck"
        },
        {
            "predicate": {
                "custom_model_data": 48
            },
            "model": "chill:class/cleric/special/see"
        },
        {
            "predicate": {
                "custom_model_data": 49
            },
            "model": "chill:class/cleric/special/summon"
        },
        {
            "predicate": {
                "custom_model_data": 50
            },
            "model": "chill:class/cleric/high/heal"
        },
        {
            "predicate": {
                "custom_model_data": 51
            },
            "model": "chill:class/cleric/high/hunger"
        },
        {
            "predicate": {
                "custom_model_data": 52
            },
            "model": "chill:class/cleric/high/lifesteal"
        },
        {
            "predicate": {
                "custom_model_data": 53
            },
            "model": "chill:class/cleric/high/teleport"
        },
        {
            "predicate": {
                "custom_model_data": 54
            },
            "model": "chill:class/cleric/passive/heal_self"
        },
        {
            "predicate": {
                "custom_model_data": 55
            },
            "model": "chill:class/cleric/passive/health"
        },
        {
            "predicate": {
                "custom_model_data": 56
            },
            "model": "chill:class/druid/special/animal_control"
        },
        {
            "predicate": {
                "custom_model_data": 57
            },
            "model": "chill:class/druid/special/bone_meal"
        },
        {
            "predicate": {
                "custom_model_data": 58
            },
            "model": "chill:class/druid/special/freeze"
        },
        {
            "predicate": {
                "custom_model_data": 59
            },
            "model": "chill:class/druid/special/sculk"
        },
        {
            "predicate": {
                "custom_model_data": 60
            },
            "model": "chill:class/druid/special/speed"
        },
        {
            "predicate": {
                "custom_model_data": 61
            },
            "model": "chill:class/druid/high/arrows"
        },
        {
            "predicate": {
                "custom_model_data": 62
            },
            "model": "chill:class/druid/high/poison"
        },
        {
            "predicate": {
                "custom_model_data": 63
            },
            "model": "chill:class/druid/high/underwater"
        },
        {
            "predicate": {
                "custom_model_data": 64
            },
            "model": "chill:class/druid/high/wall_climb"
        },
        {
            "predicate": {
                "custom_model_data": 65
            },
            "model": "chill:class/druid/passive/heal"
        },
        {
            "predicate": {
                "custom_model_data": 66
            },
            "model": "chill:class/druid/passive/health"
        },
        {
            "predicate": {
                "custom_model_data": 67
            },
            "model": "chill:class/druid/passive/vegetarian"
        },
        {
            "predicate": {
                "custom_model_data": 68
            },
            "model": "chill:class/fighter/high/arrows"
        },
        {
            "predicate": {
                "custom_model_data": 69
            },
            "model": "chill:class/fighter/high/ddamagemobs"
        },
        {
            "predicate": {
                "custom_model_data": 70
            },
            "model": "chill:class/fighter/high/hotvillage"
        },
        {
            "predicate": {
                "custom_model_data": 71
            },
            "model": "chill:class/fighter/high/overheal"
        },
        {
            "predicate": {
                "custom_model_data": 72
            },
            "model": "chill:class/fighter/high/powered"
        },
        {
            "predicate": {
                "custom_model_data": 73
            },
            "model": "chill:class/fighter/high/reach"
        },
        {
            "predicate": {
                "custom_model_data": 74
            },
            "model": "chill:class/fighter/high/saturation"
        },
        {
            "predicate": {
                "custom_model_data": 75
            },
            "model": "chill:class/fighter/high/speed_upgrade"
        },
        {
            "predicate": {
                "custom_model_data": 76
            },
            "model": "chill:class/fighter/high/speedboost"
        },
        {
            "predicate": {
                "custom_model_data": 77
            },
            "model": "chill:class/fighter/passive/haste"
        },
        {
            "predicate": {
                "custom_model_data": 78
            },
            "model": "chill:class/fighter/passive/hearts"
        },
        {
            "predicate": {
                "custom_model_data": 79
            },
            "model": "chill:class/fighter/passive/speed"
        },
        {
            "predicate": {
                "custom_model_data": 80
            },
            "model": "chill:class/fighter/passive/strength"
        },
        {
            "predicate": {
                "custom_model_data": 81
            },
            "model": "chill:class/rogue/special/dash"
        },
        {
            "predicate": {
                "custom_model_data": 82
            },
            "model": "chill:class/rogue/special/invisibility"
        },
        {
            "predicate": {
                "custom_model_data": 83
            },
            "model": "chill:class/rogue/special/opportunist"
        },
        {
            "predicate": {
                "custom_model_data": 84
            },
            "model": "chill:class/rogue/special/teleport"
        },
        {
            "predicate": {
                "custom_model_data": 85
            },
            "model": "chill:class/rogue/special/wall_climb"
        },
        {
            "predicate": {
                "custom_model_data": 86
            },
            "model": "chill:class/rogue/high/blindness"
        },
        {
            "predicate": {
                "custom_model_data": 87
            },
            "model": "chill:class/rogue/high/fall_dmg"
        },
        {
            "predicate": {
                "custom_model_data": 88
            },
            "model": "chill:class/rogue/high/stealth_bonus"
        },
        {
            "predicate": {
                "custom_model_data": 89
            },
            "model": "chill:class/rogue/passive/agro"
        },
        {
            "predicate": {
                "custom_model_data": 90
            },
            "model": "chill:class/rogue/passive/footsteps"
        },
        {
            "predicate": {
                "custom_model_data": 91
            },
            "model": "chill:class/rogue/passive/hearts"
        },
        {
            "predicate": {
                "custom_model_data": 92
            },
            "model": "chill:class/rogue/passive/nametag"
        },
        {
            "predicate": {
                "custom_model_data": 93
            },
            "model": "chill:class/tank/special/block"
        },
        {
            "predicate": {
                "custom_model_data": 94
            },
            "model": "chill:class/tank/special/damage"
        },
        {
            "predicate": {
                "custom_model_data": 95
            },
            "model": "chill:class/tank/special/fire_res"
        },
        {
            "predicate": {
                "custom_model_data": 96
            },
            "model": "chill:class/tank/special/fire_ring"
        },
        {
            "predicate": {
                "custom_model_data": 97
            },
            "model": "chill:class/tank/special/rage"
        },
        {
            "predicate": {
                "custom_model_data": 98
            },
            "model": "chill:class/tank/special/stone"
        },
        {
            "predicate": {
                "custom_model_data": 99
            },
            "model": "chill:class/tank/high/ground_pound"
        },
        {
            "predicate": {
                "custom_model_data": 100
            },
            "model": "chill:class/tank/high/hook"
        },
        {
            "predicate": {
                "custom_model_data": 101
            },
            "model": "chill:class/tank/high/knockback"
        },
        {
            "predicate": {
                "custom_model_data": 102
            },
            "model": "chill:class/tank/high/shield"
        },
        {
            "predicate": {
                "custom_model_data": 103
            },
            "model": "chill:class/tank/high/thorns"
        },
        {
            "predicate": {
                "custom_model_data": 104
            },
            "model": "chill:class/tank/passive/resistance"
        },
        {
            "predicate": {
                "custom_model_data": 105
            },
            "model": "chill:class/tank/passive/saturation"
        },
        {
            "predicate": {
                "custom_model_data": 106
            },
            "model": "chill:class/wizard/special/fly"
        },
        {
            "predicate": {
                "custom_model_data": 107
            },
            "model": "chill:class/wizard/special/lightning"
        },
        {
            "predicate": {
                "custom_model_data": 108
            },
            "model": "chill:class/wizard/special/slow_fall"
        },
        {
            "predicate": {
                "custom_model_data": 109
            },
            "model": "chill:class/wizard/special/wither"
        },
        {
            "predicate": {
                "custom_model_data": 110
            },
            "model": "chill:class/wizard/high/fireball"
        },
        {
            "predicate": {
                "custom_model_data": 111
            },
            "model": "chill:class/wizard/high/glow"
        },
        {
            "predicate": {
                "custom_model_data": 112
            },
            "model": "chill:class/wizard/high/ice"
        },
        {
            "predicate": {
                "custom_model_data": 113
            },
            "model": "chill:class/wizard/high/push"
        },
        {
            "predicate": {
                "custom_model_data": 114
            },
            "model": "chill:class/wizard/passive/glow_arrow"
        },
        {
            "predicate": {
                "custom_model_data": 115
            },
            "model": "chill:class/wizard/passive/health"
        },
        {
            "predicate": {
                "custom_model_data": 116
            },
            "model": "chill:class/wizard/passive/pearl"
        }
    ]
}