{
	"credit": "Made with Blockbench",
	"texture_size": [176, 80],
	"textures": {
		"1": "chill:item/menu/slot_select",
		"particle": "chill:item/menu/slot_select"
	},
	"elements": [
		{
			"name": "PlaneX1",
			"from": [7.25, 0, -13.25],
			"to": [7.251, 18.25, 30.5],
			"faces": {
				"east": {"uv": [0, 0, 15.90909, 14.6], "texture": "#1"},
				"west": {"uv": [0, 0, 15.90909, 14.6], "texture": "#1"}
			}
		}
	],
	"gui_light": "front",
	"display": {
		"ground": {
			"translation": [0, 5, 0]
		},
		"gui": {
			"rotation": [0, -90, 0],
			"translation": [38, -15, 30],
			"scale": [0.0001, 4, 4]
		}
	}
}